<?xml version="1.0" encoding="UTF-8"?>
<config id="weixin">
	<params>
		<param name="apiKey" value="自己申请" />
		<param name="secretKey" value="自己申请" />
		<param name="scope" value="snsapi_login" />
		<param name="redirectUri" value="企业应用网址回调接口地址" />
		<param name="apiBaseUrl" value="https://api.weixin.qq.com"></param>
		<param name="openBaseUrl" value="https://open.weixin.qq.com"></param>
	</params>
	
	<authUrl>
	<![CDATA[
		${openBaseUrl}/connect/qrconnect?appid=${apiKey}&redirect_uri=${redirectUri}&response_type=code&scope=snsapi_login&state=samton400#wechat_redirect
	]]>
	</authUrl>
	<accessTokenUrl>
	<![CDATA[
		${apiBaseUrl}/sns/oauth2/access_token?appid=${apiKey}&secret=${secretKey}&code=${code}&grant_type=authorization_code
	]]>
	</accessTokenUrl>
	<refreshTokenUrl>
	<![CDATA[
		${apiBaseUrl}/sns/oauth2/refresh_token?appid=${apiKey}&grant_type=refresh_token&refresh_token=${refresh_token}
	]]>
	</refreshTokenUrl>
	<userInfoApi>
	<![CDATA[
		 ${apiBaseUrl}/sns/userinfo?access_token=${access_token}&openid=${openid}
	]]>
	</userInfoApi>
	<portraitUrlTemplate>
	<![CDATA[
		${headimgurl}
	]]>
	</portraitUrlTemplate>
</config>